name,lived_in,type,taxonomy,species,period_name,period_start,period_end,named,named_year,length_meters,continent_AF,continent_AQ,continent_AS,continent_EU,continent_NA,continent_OC,continent_SA,diet_carnivorous,diet_herbivorous,diet_omnivorous,diet_unknown
aardonyx,South Africa,sauropod,Dinosauria Saurischia Sauropodomorpha Prosauropoda Anchisauria,celestae,Early Jurassic,199.0,189.0,Yates Bonnan Neveling Chinsamy and Blackbeard,2010.0,8.0,True,False,False,False,False,False,False,False,True,False,False
abelisaurus,Argentina,large theropod,Dinosauria Saurischia Theropoda Neotheropoda Ceratosauria Neoceratosauria Abelisauridae Abelisaurinae,comahuensis,Late Cretaceous,74.0,70.0,Bonaparte and Novas,1985.0,9.0,False,False,False,False,False,False,True,True,False,False,False
achelousaurus,USA,ceratopsian,Dinosauria Ornithischia Genasauria Cerapoda Marginocephalia Ceratopsia Neoceratopsia Coronosauria Ceratopsidae Centrosaurinae,horneri,Late Cretaceous,83.0,70.0,Sampson,1995.0,6.0,False,False,False,False,True,False,False,False,True,False,False
achillobator,Mongolia,large theropod,Dinosauria Saurischia Theropoda Neotheropoda Tetanurae Avetheropoda Coelurosauria Tyrannoraptora Maniraptoriformes Maniraptora Paraves Eumaniraptora Dromaeosauridae,giganteus,Late Cretaceous,99.0,84.0,Perle Norell and Clark,1999.0,5.0,False,False,True,False,False,False,False,True,False,False,False
acrocanthosaurus,USA,large theropod,Dinosauria Saurischia Theropoda Neotheropoda Tetanurae Avetheropoda Carnosauria Allosauroidea Carcharodontosauridae,atokensis,Early Cretaceous,115.0,105.0,Stovall and Langston,1950.0,12.0,False,False,False,False,True,False,False,True,False,False,False
aegyptosaurus,Egypt,sauropod,Dinosauria Saurischia Sauropodomorpha Sauropoda Eusauropoda Neosauropoda Macronaria Camarasauromorpha Titanosauriformes Titanosauria,baharijensis,Late Cretaceous,98.0,93.0,Stromer,1932.0,15.0,True,False,False,False,False,False,False,False,True,False,False
afrovenator,Niger,large theropod,Dinosauria Saurischia Theropoda Neotheropoda Tetanurae Spinosauroidea Megalosauridae Eustreptospondylinae,abakensis,Early Cretaceous,132.0,121.0,Sereno Wilson Larsson Dutheil and Sues,1944.0,9.0,True,False,False,False,False,False,False,True,False,False,False
agilisaurus,China,euornithopod,Dinosauria Ornithischia Genasauria Cerapoda Ornithopoda Euornithopoda,louderbacki,Late Jurassic,169.0,159.0,Peng,1990.0,1.5,False,False,True,False,False,False,False,False,True,False,False
alamosaurus,USA,sauropod,Dinosauria Saurischia Sauropodomorpha Sauropoda Eusauropoda Neosauropoda Macronaria Camarasauromorpha Titanosauriformes Titanosauria Lithostrotia,sanjuanensis,Late Cretaceous,70.0,65.0,Gilmore,1922.0,21.0,False,False,False,False,True,False,False,False,True,False,False
albertaceratops,USA,ceratopsian,Dinosauria Ornithischia,nesmoi,Late Cretaceous,80.0,75.0,Ryan,2007.0,7.0,False,False,False,False,True,False,False,False,True,False,False
albertosaurus,Canada,large theropod,Dinosauria Saurischia Theropoda Neotheropoda Tetanurae Avetheropoda Coelurosauria Tyrannoraptora Tyrannosauroidea Tyrannosauridae Albertosaurinae,libratus,Late Cretaceous,76.0,74.0,Lamb,1914.0,9.0,False,False,False,False,True,False,False,True,False,False,False
alectrosaurus,Mongolia,large theropod,Dinosauria Saurischia Theropoda Neotheropoda Tetanurae Avetheropoda Coelurosauria Tyrannoraptora Tyrannosauroidea,olseni,Late Cretaceous,90.0,70.0,Gilmore,1933.0,5.0,False,False,True,False,False,False,False,True,False,False,False
alioramus,Mongolia,large theropod,Dinosauria Saurischia Theropoda Neotheropoda Tetanurae Avetheropoda Coelurosauria Tyrannoraptora Tyrannosauroidea,remotus,Late Cretaceous,71.0,65.0,Kurzanov,1976.0,6.0,False,False,True,False,False,False,False,True,False,False,False
allosaurus,USA,large theropod,Dinosauria Saurischia Theropoda Neotheropoda Tetanurae Avetheropoda Carnosauria Allosauroidea Allosauridae,fragilis,Late Jurassic,156.0,144.0,Marsh,1877.0,12.0,False,False,False,False,True,False,False,True,False,False,False
alvarezsaurus,Argentina,small theropod,Dinosauria Saurischia Theropoda Neotheropoda Tetanurae Avetheropoda Coelurosauria Tyrannoraptora Maniraptoriformes Maniraptora Alvarezsauridae,calvoi,Late Cretaceous,89.0,85.0,Bonaparte,1991.0,2.0,False,False,False,False,False,False,True,True,False,False,False
amargasaurus,Argentina,sauropod,Dinosauria Saurischia Sauropodomorpha Sauropoda Eusauropoda Neosauropoda Diplodocoidea Dicraeosauridae,cazaui,Early Cretaceous,132.0,127.0,Salgado and Bonaparte,1991.0,12.0,False,False,False,False,False,False,True,False,True,False,False
ammosaurus,USA,sauropod,Dinosauria Saurischia Sauropodomorpha Prosauropoda Anchisauria Anchisauridae,major,Early Jurassic,195.0,180.0,Marsh,1891.0,5.0,False,False,False,False,True,False,False,False,True,False,False
ampelosaurus,France,sauropod,Dinosauria Saurischia Sauropodomorpha Sauropoda Eusauropoda Neosauropoda Macronaria Camarasauromorpha Titanosauriformes Titanosauria Lithostrotia,atacis,Late Cretaceous,71.0,65.0,Le Loeuff,1995.0,15.0,False,False,False,True,False,False,False,False,True,False,False
amygdalodon,Argentina,sauropod,Dinosauria Saurischia Sauropodomorpha Sauropoda Eusauropoda,patagonicus,Mid Jurassic,177.0,169.0,Cabrera,1947.0,15.0,False,False,False,False,False,False,True,False,True,False,False
anchiceratops,Canada,ceratopsian,Dinosauria Ornithischia Genasauria Cerapoda Marginocephalia Ceratopsia Neoceratopsia Coronosauria Ceratopsidae Chasmosaurinae,ornatus,Late Cretaceous,74.0,70.0,Brown,1914.0,6.0,False,False,False,False,True,False,False,False,True,False,False
anchisaurus,USA,sauropod,Dinosauria Saurischia Sauropodomorpha Prosauropoda Anchisauria Anchisauridae,polyzelous,Early Jurassic,190.0,190.0,Marsh,1885.0,2.0,False,False,False,False,True,False,False,False,True,False,False
ankylosaurus,USA,armoured dinosaur,Dinosauria Ornithischia Genasauria Thyreophora Ankylosauromorpha Ankylosauria Ankylosauridae,magniventris,Late Cretaceous,74.0,67.0,Brown,1908.0,7.0,False,False,False,False,True,False,False,False,True,False,False
anserimimus,Mongolia,large theropod,Dinosauria Saurischia Theropoda Neotheropoda Tetanurae Avetheropoda Coelurosauria Tyrannoraptora Maniraptoriformes Ornithomimosauria Ornithomimidae,planinychus,Late Cretaceous,84.0,65.0,Barsbold,1988.0,3.5,False,False,True,False,False,False,False,True,False,False,False
antarctosaurus,Uruguay,sauropod,Dinosauria Saurischia Sauropodomorpha Sauropoda Eusauropoda Neosauropoda Macronaria Camarasauromorpha Titanosauriformes Titanosauria Lithostrotia,wichmannianus,Late Cretaceous,84.0,65.0,von Huene,1929.0,18.0,False,False,False,False,False,False,True,False,True,False,False
apatosaurus,USA,sauropod,Dinosauria Saurischia Sauropodomorpha Sauropoda Eusauropoda Neosauropoda Diplodocoidea Diplodocidae,ajax,Late Jurassic,154.0,145.0,Marsh,1877.0,21.0,False,False,False,False,True,False,False,False,True,False,False
aragosaurus,Spain,sauropod,Dinosauria Saurischia Sauropodomorpha Sauropoda Eusauropoda,ischiadicus,Early Cretaceous,132.0,121.0,Sanz Buscalioni Casanovas and Sanafé,1987.0,18.0,False,False,False,True,False,False,False,False,True,False,False
aralosaurus,Kazakhstan,euornithopod,Dinosauria Ornithischia Genasauria Cerapoda Ornithopoda Euornithopoda Iguanadontia Euiguanadontia Dryomorpha Ankylopollexia Iguanodontoidea Hadrosauridae Euhadrosauria Hadrosaurinae,tuberiferus,Late Cretaceous,94.0,84.0,Rozhdestvensky,1968.0,8.0,False,False,True,False,False,False,False,False,True,False,False
archaeoceratops,China,ceratopsian,Dinosauria Ornithischia Genasauria Cerapoda Marginocephalia Ceratopsia Neoceratopsia,oshimai,Early Cretaceous,121.0,99.0,Dong and Azuma,1987.0,1.3,False,False,True,False,False,False,False,False,True,False,False
archaeopteryx,Germany,small theropod,Dinosauria Saurischia Theropoda Neotheropoda Tetanurae Avetheropoda Coelurosauria Tyrannoraptora Maniraptoriformes Maniraptora Paraves Eumaniraptoria Avialae Archaeopterygidae,lithographica,Late Jurassic,147.0,147.0,Mayer,1861.0,0.5,False,False,False,True,False,False,False,True,False,False,False
archaeornithomimus,Uzbekistan,small theropod,Dinosauria Saurischia Theropoda Neotheropoda Tetanurae Avetheropoda Coelurosauria Tyrannoraptora Maniraptoriformes Ornithomimosauria Ornithomimidae,asiaticus,Late Cretaceous,95.0,70.0,Russell,1972.0,3.5,False,False,True,False,False,False,False,True,False,False,False
argentinosaurus,Argentina,sauropod,Dinosauria Saurischia Sauropodomorpha Sauropoda Eusauropoda Neosauropoda Macronaria Camarasauromorpha Titanosauriformes Titanosauria,huinculensis,Late Cretaceous,90.0,90.0,Bonaparte and Coria,1993.0,35.0,False,False,False,False,False,False,True,False,True,False,False
arrhinoceratops,Canada,ceratopsian,Dinosauria Ornithischia Genasauria Cerapoda Marginocephalia Ceratopsia Neoceratopsia Coronosauria Ceratopsidae Chasmosaurinae,brachyops,Late Cretaceous,72.0,67.0,Parks,1925.0,6.0,False,False,False,False,True,False,False,False,True,False,False
atlascopcosaurus,Australia,euornithopod,Dinosauria Ornithischia Genasauria Cerapoda Ornithopoda Euornithopoda,loadsi,Early Cretaceous,121.0,97.0,Rich and Rich,1989.0,3.0,False,False,False,False,False,True,False,False,True,False,False
aucasaurus,Argentina,large theropod,Dinosauria Saurischia Theropoda Neotheropoda Ceratosauria Neoceratosauria Abelisauroidea Abelisauria,garridoi,Late Cretaceous,84.0,71.0,Coria Chiappe and Dingus,2002.0,5.0,False,False,False,False,False,False,True,True,False,False,False
austrosaurus,Australia,sauropod,Dinosauria Saurischia Sauropodomorpha Sauropoda Eusauropoda Neosauropoda Macronaria Camarasauromorpha Titanosauriformes Titanosauria,mckillopi,Early Cretaceous,112.0,99.0,Longman,1933.0,15.0,False,False,False,False,False,True,False,False,True,False,False
avaceratops,USA,ceratopsian,Dinosauria Ornithischia Genasauria Cerapoda Marginocephalia Ceratopsia Neoceratopsia Coronosauria Ceratopsidae Centrosaurinae,lammersi,Late Cretaceous,80.0,75.0,Dodson,1986.0,2.3,False,False,False,False,True,False,False,False,True,False,False
avimimus,Mongolia,small theropod,Dinosauria Saurischia Theropoda Neotheropoda Tetanurae Avetheropoda Coelurosauria Tyrannoraptora Maniraptoriformes Maniraptora Oviraptorosauria Avimimidae,portentosus,Late Cretaceous,80.0,75.0,Kurzanov,1981.0,1.5,False,False,True,False,False,False,False,False,False,True,False
bactrosaurus,China,euornithopod,Dinosauria Ornithischia Genasauria Cerapoda Ornithopoda Euornithopoda Iguanadontia Euiguanadontia Dryomorpha Ankylopollexia Iguanodontoidea Hadrosauridae,johnsoni,Late Cretaceous,84.0,71.0,Gilmore,1933.0,6.0,False,False,True,False,False,False,False,False,True,False,False
bagaceratops,Mongolia,ceratopsian,Dinosauria Ornithischia Genasauria Cerapoda Marginocephalia Ceratopsia Neoceratopsia Bagaceratopsidae,rozhdestvenskyi,Late Cretaceous,85.0,80.0,Maryanska and Osmolska,1975.0,1.0,False,False,True,False,False,False,False,False,True,False,False
bambiraptor,USA,small theropod,Dinosauria Saurischia Theropoda Neotheropoda Tetanurae Avetheropoda Coelurosauria Tyrannoraptora Maniraptoriformes Maniraptora Paraves Eumaniraptora Dromaeosauridae,feinbergorum,Late Cretaceous,84.0,71.0,Burnham Derstler Currie Bakker Zhou and Ostrom,2000.0,1.0,False,False,False,False,True,False,False,True,False,False,False
barapasaurus,India,sauropod,Dinosauria Saurischia Sauropodomorpha Sauropoda Eusauropoda Cetiosauridae,tagorei,Early Jurassic,185.0,170.0,Jain Kutty Roy-Chowdhury and Chatterjee,1975.0,14.0,False,False,True,False,False,False,False,False,True,False,False
barosaurus,USA,sauropod,Dinosauria Saurischia Sauropodomorpha Sauropoda Eusauropoda Neosauropoda Diplodocoidea Diplodocidae,lentus,Late Jurassic,155.0,145.0,Marsh,1890.0,24.0,False,False,False,False,True,False,False,False,True,False,False
baryonyx,United Kingdom,large theropod,Dinosauria Saurischia Theropoda Neotheropoda Tetanurae Spinosauroidea Spinosauridae Baryonychinae,walkeri,Early Cretaceous,125.0,125.0,Charig and Milner,1987.0,10.0,False,False,False,True,False,False,False,True,False,False,False
becklespinax,United Kingdom,large theropod,Dinosauria Saurischia Theropoda Neotheropoda Tetanurae,altispinax,Early Cretaceous,142.0,132.0,Paul,1988.0,5.0,False,False,False,True,False,False,False,True,False,False,False
beipiaosaurus,China,small theropod,Dinosauria Saurischia Theropoda Neotheropoda Tetanurae Avetheropoda Coelurosauria Tyrannoraptora Maniraptoriformes Maniraptora Therizinosauroidea,inexpectus,Early Cretaceous,127.0,121.0,Xu Tang and Wang,1999.0,2.0,False,False,True,False,False,False,False,False,False,True,False
bellusaurus,China,sauropod,Dinosauria Saurischia Sauropodomorpha Sauropoda Eusauropoda Neosauropoda Macronaria,sui,Mid Jurassic,180.0,159.0,Dong and Azuma,1990.0,5.0,False,False,True,False,False,False,False,False,True,False,False
borogovia,Mongolia,small theropod,Dinosauria Saurischia Theropoda Neotheropoda Tetanurae Avetheropoda Coelurosauria Tyrannoraptora Maniraptoriformes Maniraptora Paraves Eumaniraptoria Troodontidae,gracilicrus,Late Cretaceous,84.0,65.0,Osmólska,1987.0,1.5,False,False,True,False,False,False,False,True,False,False,False
brachiosaurus,USA,sauropod,Dinosauria Saurischia Sauropodomorpha Sauropoda Eusauropoda Neosauropoda Macronaria Camarasauromorpha Titanosauriformes Brachiosauridae,altithorax,Late Jurassic,155.0,140.0,Riggs,1903.0,30.0,False,False,False,False,True,False,False,False,True,False,False
brachylophosaurus,USA,euornithopod,Dinosauria Ornithischia Genasauria Cerapoda Ornithopoda Euornithopoda Iguanadontia Euiguanadontia Dryomorpha Ankylopollexia Iguanodontoidea Hadrosauridae Euhadrosauria Hadrosaurinae,canadensis,Late Cretaceous,89.0,88.0,C. M. Sternberg,1953.0,7.0,False,False,False,False,True,False,False,False,True,False,False
brachytrachelopan,Argentina,sauropod,Dinosauria Saurischia Sauropodomorpha Sauropoda Eusauropoda Neosauropoda Diplodocoidea Dicraeosauridae,mesai,Mid Jurassic,150.0,150.0,Rauhut Remes Fechner Cladera and Puerta,2005.0,10.0,False,False,False,False,False,False,True,False,True,False,False
buitreraptor,Argentina,small theropod,Dinosauria Saurischia Theropoda Neotheropoda Tetanurae Avetheropoda Coelurosauria Tyrannoraptora Maniraptoriformes Maniraptora Paraves Eumaniraptora Dromaeosauridae Unenlagiinae,gonzalezorum,Late Cretaceous,99.0,90.0,Makovicky Apesteguía &amp; Agnolin,2005.0,1.3,False,False,False,False,False,False,True,True,False,False,False
camarasaurus,USA,sauropod,Dinosauria Saurischia Sauropodomorpha Sauropoda Eusauropoda Neosauropoda Macronaria Camarasauromorpha Camarasauridae,supremus,Late Jurassic,150.0,140.0,Cope,1877.0,23.0,False,False,False,False,True,False,False,False,True,False,False
camptosaurus,USA,euornithopod,Dinosauria Ornithischia Genasauria Cerapoda Ornithopoda Euornithopoda Iguanadontia Euiguanadontia Dryomorpha Ankylopollexia,dispar,Late Jurassic,155.0,145.0,Marsh,1885.0,5.0,False,False,False,False,True,False,False,False,True,False,False
carcharodontosaurus,North Africa,large theropod,Dinosauria Saurischia Theropoda Neotheropoda Tetanurae Avetheropoda Carnosauria Allosauroidea Carcharodontosauridae,saharicus,Late Cretaceous,98.0,94.0,Stromer,1931.0,15.0,False,False,False,False,False,False,True,True,False,False,False
carnotaurus,Argentina,large theropod,Dinosauria Saurischia Theropoda Neotheropoda Ceratosauria Neoceratosauria Abelisauridae,sastrei,Late Cretaceous,70.0,70.0,Bonaparte,1985.0,7.6,False,False,False,False,False,False,True,True,False,False,False
caudipteryx,China,small theropod,Dinosauria Saurischia Theropoda Neotheropoda Tetanurae Avetheropoda Coelurosauria Tyrannoraptora Maniraptoriformes Maniraptora Oviraptorosauria Caudipterygidae,zoui,Early Cretaceous,125.0,122.0,Ji Currie Norell and Ji.,1998.0,1.0,False,False,True,False,False,False,False,False,False,True,False
cedarpelta,USA,armoured dinosaur,Dinosauria Ornithischia Genasauria Thyreophora Ankylosauromorpha Ankylosauria Ankylosauridae,bilbeyhallorum,Early Cretaceous,142.0,127.0,Carpenter Kirkland Burge and Bird,2001.0,10.0,False,False,False,False,True,False,False,False,True,False,False
ceratosaurus,USA,large theropod,Dinosauria Saurischia Theropoda Neotheropoda Ceratosauria Neoceratosauria,nasicornis,Late Jurassic,153.0,148.0,Marsh,1884.0,6.0,False,False,False,False,True,False,False,True,False,False,False
cetiosauriscus,United Kingdom,sauropod,Dinosauria Saurischia Sauropodomorpha Sauropoda Eusauropoda Neosauropoda Diplodocoidea,stewarti,Mid Jurassic,175.0,160.0,von Huene,1927.0,15.0,False,False,False,True,False,False,False,False,True,False,False
cetiosaurus,United Kingdom,sauropod,Dinosauria Saurischia Sauropodomorpha Sauropoda Eusauropoda Cetiosauridae,oxoniensis,Mid Jurassic,170.0,160.0,Phillips,1871.0,18.0,False,False,False,True,False,False,False,False,True,False,False
chaoyangsaurus,China,ceratopsian,Dinosauria Ornithischia Genasauria Cerapoda Marginocephalia Ceratopsia Neoceratopsia,youngi,Late Jurassic,152.0,145.0,Zhao Cheng and Xu,1999.0,1.1,False,False,True,False,False,False,False,False,True,False,False
chindesaurus,USA,small theropod,Dinosauria Saurischia Theropoda Herrerasauridae,bryansmalli,Late Triassic,227.0,210.0,Long and Murry,1995.0,4.0,False,False,False,False,True,False,False,True,False,False,False
chinshakiangosaurus,China,sauropod,Dinosauria Saurischia Sauropodomorpha Sauropoda,zhongheensis,Late Jurassic,159.0,142.0,Yeh,1975.0,11.0,False,False,True,False,False,False,False,False,True,False,False
chirostenotes,Canada,small theropod,Dinosauria Saurischia Theropoda Neotheropoda Tetanurae Avetheropoda Coelurosauria Tyrannoraptora Maniraptoriformes Maniraptora Oviraptorosauria Caenagnathoidea Caenagnathidae,pergracilis,Late Jurassic,79.0,67.0,Gilmore,1924.0,1.7,False,False,False,False,True,False,False,False,False,True,False
chubutisaurus,Argentina,sauropod,Dinosauria Saurischia Sauropodomorpha Sauropoda Eusauropoda Neosauropoda Macronaria Camarasauromorpha Titanosauriformes Titanosauria,insignis,Early Cretaceous,112.0,99.0,Corro,1974.0,23.0,False,False,False,False,False,False,True,False,True,False,False
chungkingosaurus,China,armoured dinosaur,Dinosauria Ornithischia Genasauria Thyreophora Stegosauria Stegosauridae Stegosaurinae,jiangbeiensis,Late Jurassic,159.0,142.0,Dong Zhou and Zhang,1983.0,4.0,False,False,True,False,False,False,False,False,True,False,False
citipati,Mongolia,small theropod,Dinosauria Saurischia Theropoda Neotheropoda Tetanurae Avetheropoda Coelurosauria Tyrannoraptora Maniraptoriformes Maniraptora Oviraptorosauria Caenagnathoidea Oviraptoridae Oviraptorinae,osmolskae,Late Cretaceous,81.0,75.0,Clark Norell and Barsbold,2001.0,2.1,False,False,True,False,False,False,False,False,False,True,False
coelurus,USA,small theropod,Dinosauria Saurischia Theropoda Neotheropoda Tetanurae Avetheropoda Coelurosauria,fragilis,Late Jurassic,155.0,145.0,Marsh,1879.0,1.8,False,False,False,False,True,False,False,True,False,False,False
coloradisaurus,Argentina,sauropod,Dinosauria Saurischia Sauropodomorpha Prosauropoda Plateosauria Plateosauridae,brevis,Late Triassic,221.0,210.0,Bonaparte,1978.0,4.0,False,False,False,False,False,False,True,False,False,True,False
compsognathus,Germany,small theropod,Dinosauria Saurischia Theropoda Neotheropoda Tetanurae Avetheropoda Coelurosauria Compsognathidae,longipes,Late Jurassic,145.0,140.0,Wagner,1859.0,0.65,False,False,False,True,False,False,False,True,False,False,False
conchoraptor,Mongolia,small theropod,Dinosauria Saurischia Theropoda Neotheropoda Tetanurae Avetheropoda Coelurosauria Tyrannoraptora Maniraptoriformes Maniraptora Oviraptorosauria Caenagnathoidea Oviraptoridae Ingeniinae,gracilis,Late Cretaceous,81.0,76.0,Barsbold,1986.0,1.5,False,False,True,False,False,False,False,True,False,False,False
confuciusornis,China,small theropod,Dinosauria Saurischia Theropoda Neotheropoda Tetanurae Avetheropoda Coelurosauria Tyrannoraptora Maniraptoriformes Maniraptora Paraves Eumaniraptoria Avialae Ornithurae Avibrevicauda Pygostylia Confuciusornithidae,sanctus,Early Cretaceous,127.0,121.0,Hou Zhou Gu and Zhang,1995.0,0.25,False,False,True,False,False,False,False,True,False,False,False
corythosaurus,USA,euornithopod,Dinosauria Ornithischia Genasauria Cerapoda Ornithopoda Euornithopoda Iguanadontia Euiguanadontia Dryomorpha Ankylopollexia Iguanodontoidea Hadrosauridae Euhadrosauria Lambeosaurinae,casuarius,Late Cretaceous,76.0,74.0,Brown,1914.0,10.0,False,False,False,False,True,False,False,False,True,False,False
cryolophosaurus,Antarctica,large theropod,Dinosauria Saurischia Theropoda Neotheropoda Tetanurae Avetheropoda Carnosauria,elliotti,Early Jurassic,170.0,170.0,Hammer and Hickerson,1994.0,8.0,False,True,False,False,False,False,False,True,False,False,False
dacentrurus,United Kingdom,armoured dinosaur,Dinosauria Ornithischia Genasauria Thyreophora Stegosauria Stegosauridae,armatus,Late Jurassic,154.0,150.0,Lucas,1902.0,6.0,False,False,False,True,False,False,False,False,True,False,False
daspletosaurus,Canada,large theropod,Dinosauria Saurischia Theropoda Neotheropoda Tetanurae Avetheropoda Coelurosauria Tyrannoraptora Tyrannosauroidea Tyrannosauridae Tyrannosaurinae,torosus,Late Cretaceous,76.0,74.0,Russell,1970.0,9.0,False,False,False,False,True,False,False,True,False,False,False
datousaurus,China,sauropod,Dinosauria Saurischia Sauropodomorpha Sauropoda,bashanensis,Mid Jurassic,170.0,170.0,Dong and Tang,1984.0,15.0,False,False,True,False,False,False,False,False,True,False,False
deinocheirus,Mongolia,large theropod,Dinosauria Saurischia Theropoda Neotheropoda Tetanurae Avetheropoda Coelurosauria Tyrannoraptora Maniraptoriformes Ornithomimosauria,mirificus,Late Cretaceous,70.0,66.0,Osmólska and Roniewicz,1970.0,10.0,False,False,True,False,False,False,False,False,False,True,False
deinonychus,USA,small theropod,Dinosauria Saurischia Theropoda Neotheropoda Tetanurae Avetheropoda Coelurosauria Tyrannoraptora Maniraptoriformes Maniraptora Paraves Eumaniraptora Dromaeosauridae,antirrhopus,Early Cretaceous,120.0,110.0,Ostrom,1969.0,3.0,False,False,False,False,True,False,False,True,False,False,False
deltadromeus,Morocco,large theropod,Dinosauria Saurischia Theropoda Neotheropoda Tetanurae Avetheropoda Coelurosauria,agilis,Late Cretaceous,99.0,94.0,Sereno Duthiel Iarochene Larsson Lyon Magwene Sidor Varricchio and Wilson,1996.0,8.1,True,False,False,False,False,False,False,True,False,False,False
dicraeosaurus,Tanzania,sauropod,Dinosauria Saurischia Sauropodomorpha Sauropoda Eusauropoda Neosauropoda Diplodocoidea Dicraeosauridae,hansemanni,Late Jurassic,150.0,135.0,Janensch,1914.0,20.0,True,False,False,False,False,False,False,False,True,False,False
diplodocus,USA,sauropod,Dinosauria Saurischia Sauropodomorpha Sauropoda Eusauropoda Neosauropoda Diplodocoidea Diplodocidae,longus,Late Jurassic,155.0,145.0,Marsh,1878.0,26.0,False,False,False,False,True,False,False,False,True,False,False
dromaeosaurus,USA,small theropod,Dinosauria Saurischia Theropoda Neotheropoda Tetanurae Avetheropoda Coelurosauria Tyrannoraptora Maniraptoriformes Maniraptora Paraves Eumaniraptora Dromaeosauridae,albertensis,Late Cretaceous,76.0,74.0,Matthew and Brown,1922.0,1.8,False,False,False,False,True,False,False,True,False,False,False
dromiceiomimus,Canada,large theropod,Dinosauria Saurischia Theropoda Neotheropoda Tetanurae Avetheropoda Coelurosauria Tyrannoraptora Maniraptoriformes Ornithomimosauria Ornithomimidae,brevitertius,Late Cretaceous,74.0,70.0,Parks,1926.0,3.5,False,False,False,False,True,False,False,False,False,True,False
dryosaurus,USA,euornithopod,Dinosauria Ornithischia Genasauria Cerapoda Ornithopoda Euornithopoda Iguanadontia Euiguanadontia Dryomorpha Dryosauridae,altus,Late Jurassic,155.0,140.0,Marsh,1894.0,4.0,False,False,False,False,True,False,False,False,True,False,False
dryptosaurus,USA,large theropod,Dinosauria Saurischia Theropoda Neotheropoda Tetanurae Avetheropoda Coelurosauria Tyrannoraptora Tyrannosauroidea,aquilunguis,Late Cretaceous,84.0,65.0,Cope,1866.0,6.4,False,False,False,False,True,False,False,True,False,False,False
edmontonia,Canada,armoured dinosaur,Dinosauria Ornithischia Genasauria Thyreophora Ankylosauromorpha Ankylosauria Nodosauridae,longiceps,Late Cretaceous,76.0,74.0,Sternberg,1928.0,4.0,False,False,False,False,True,False,False,False,True,False,False
edmontosaurus,Canada,euornithopod,Dinosauria Ornithischia Genasauria Cerapoda Ornithopoda Euornithopoda Iguanadontia Euiguanadontia Dryomorpha Ankylopollexia Iguanodontoidea Hadrosauridae Euhadrosauria Hadrosaurinae,regalis,Late Cretaceous,76.0,65.0,Lambe,1917.0,13.0,False,False,False,False,True,False,False,False,True,False,False
einiosaurus,USA,ceratopsian,Dinosauria Ornithischia Genasauria Cerapoda Marginocephalia Ceratopsia Neoceratopsia Coronosauria Ceratopsidae Centrosaurinae,procurvicornis,Late Cretaceous,74.0,74.0,Sampson,1995.0,6.0,False,False,False,False,True,False,False,False,True,False,False
elaphrosaurus,Tanzania,large theropod,Dinosauria Saurischia Theropoda Neotheropoda Ceratosauria Neoceratosauria,bambergi,Late Jurassic,154.0,151.0,Janensch,1920.0,6.2,True,False,False,False,False,False,False,True,False,False,False
emausaurus,Germany,armoured dinosaur,Dinosauria Ornithischia Genasauria Thyreophora,ernsti,Mid Jurassic,190.0,180.0,Haubold,1991.0,2.0,False,False,False,True,False,False,False,False,True,False,False
eoraptor,Argentina,small theropod,Dinosauria Saurischia Theropoda,lunensis,Late Triassic,228.0,228.0,Sereno Forster Rogers and Monetta,1993.0,1.0,False,False,False,False,False,False,True,True,False,False,False
eotyrannus,United Kingdom,large theropod,Dinosauria Saurischia Theropoda Neotheropoda Tetanurae Avetheropoda Coelurosauria Tyrannoraptora Tyrannosauroidea,lengi,Early Cretaceous,127.0,121.0,Hutt Naish Martill Barker and Newberry,2001.0,5.0,False,False,False,True,False,False,False,True,False,False,False
erlikosaurus,Mongolia,small theropod,Dinosauria Saurischia Theropoda Neotheropoda Tetanurae Avetheropoda Coelurosauria Tyrannoraptora Maniraptoriformes Maniraptora Therizinosauroidea Therizinosauridae,andrewsi,Late Cretaceous,99.0,89.0,Perle vide Barsbold and Perle,1980.0,3.4,False,False,True,False,False,False,False,False,False,True,False
euhelopus,China,sauropod,Dinosauria Saurischia Sauropodomorpha Sauropoda Eusauropoda,zdanskyi,Late Jurassic,154.0,142.0,Wiman,1929.0,10.0,False,False,True,False,False,False,False,False,True,False,False
europasaurus,Germany,sauropod,Dinosauria Saurischia Sauropodomorpha Sauropoda Eusauropoda Neosauropoda Macronaria,holgeri,Late Jurassic,154.0,151.0,Sander Mateus Laven and Knötschke,2006.0,6.2,False,False,False,True,False,False,False,False,True,False,False
eustreptospondylus,United Kingdom,large theropod,Dinosauria Saurischia Theropoda Neotheropoda Tetanurae Spinosauroidea Megalosauridae Eustreptospondylinae,oxoniensis,Mid Jurassic,165.0,165.0,Walker,1964.0,7.0,False,False,False,True,False,False,False,True,False,False,False
fukuiraptor,Japan,large theropod,Dinosauria Saurischia Theropoda Neotheropoda Tetanurae Avetheropoda Carnosauria,kitadaniensis,Early Cretaceous,121.0,99.0,Azuma and Currie,2000.0,4.2,False,False,True,False,False,False,False,True,False,False,False
fukuisaurus,Japan,euornithopod,Dinosauria Ornithischia Genasauria Cerapoda Ornithopoda Euornithopoda Iguanadontia Euiguanadontia Dryomorpha Ankylopollexia Iguanodontoidea,tetoriensius,Early Cretaceous,121.0,99.0,Kobayashi and Azuma,2003.0,4.7,False,False,True,False,False,False,False,False,True,False,False
gallimimus,Mongolia,large theropod,Dinosauria Saurischia Theropoda Neotheropoda Tetanurae Avetheropoda Coelurosauria Tyrannoraptora Maniraptoriformes Ornithomimosauria Ornithomimidae,bullatus,Late Cretaceous,74.0,70.0,Osmólska Roniewicz and Barsbold,1972.0,6.0,False,False,True,False,False,False,False,False,False,True,False
gargoyleosaurus,USA,armoured dinosaur,Dinosauria Ornithischia Genasauria Thyreophora Ankylosauromorpha Ankylosauria,parkpinorum,Late Jurassic,154.0,142.0,Carpenter Miles and Cloward,1998.0,4.0,False,False,False,False,True,False,False,False,True,False,False
garudimimus,Mongolia,large theropod,Dinosauria Saurischia Theropoda Neotheropoda Tetanurae Avetheropoda Coelurosauria Tyrannoraptora Maniraptoriformes Ornithomimosauria,brevipes,Late Cretaceous,99.0,89.0,Barsbold,1981.0,4.7,False,False,True,False,False,False,False,False,False,True,False
gasosaurus,China,small theropod,Dinosauria Saurischia Theropoda Neotheropoda Tetanurae Avetheropoda,constructus,Mid Jurassic,170.0,160.0,Dong and Tang,1985.0,4.0,False,False,True,False,False,False,False,True,False,False,False
gasparinisaura,Argentina,euornithopod,Dinosauria Ornithischia Genasauria Cerapoda Ornithopoda Euornithopoda,cincosaltensis,Late Cretaceous,86.0,71.0,Coria and Salgado,1996.0,0.8,False,False,False,False,False,False,True,False,True,False,False
gastonia,USA,armoured dinosaur,Dinosauria Ornithischia Genasauria Thyreophora Ankylosauromorpha Ankylosauria,burgei,Early Cretaceous,142.0,127.0,Kirkland,1998.0,4.6,False,False,False,False,True,False,False,False,True,False,False
giganotosaurus,Argentina,large theropod,Dinosauria Saurischia Theropoda Neotheropoda Tetanurae Avetheropoda Carnosauria Allosauroidea Carcharodontosauridae,carolinii,Early Cretaceous,112.0,90.0,Coria and Salgado,1995.0,12.5,False,False,False,False,False,False,True,True,False,False,False
gilmoreosaurus,China,euornithopod,Dinosauria Ornithischia Genasauria Cerapoda Ornithopoda Euornithopoda Iguanadontia Euiguanadontia Dryomorpha Ankylopollexia Iguanodontoidea Hadrosauridae,mongoliensis,Late Cretaceous,76.0,70.0,Brett-Surman,1979.0,6.0,False,False,True,False,False,False,False,False,True,False,False
giraffatitan,Tanzania,sauropod,Dinosauria Saurischia Sauropodomorpha Sauropoda Eusauropoda Neosauropoda Macronaria Camarasauromorpha Titanosauriformes Brachiosauridae,brancai,Late Jurassic,154.0,142.0,Janensch,1914.0,23.0,True,False,False,False,False,False,False,False,True,False,False
gobisaurus,China,armoured dinosaur,Dinosauria Ornithischia Genasauria Thyreophora Ankylosauromorpha Ankylosauria Ankylosauridae,domoculus,Early Cretaceous,121.0,99.0,Vickaryous Russell Currie and Zhao,2001.0,5.0,False,False,True,False,False,False,False,False,True,False,False
gorgosaurus,USA,large theropod,Dinosauria Saurischia Theropoda Neotheropoda Tetanurae Avetheropoda Coelurosauria Tyrannoraptora Tyrannosauroidea Tyrannosauridae Albertosaurinae,libratus,Late Cretaceous,80.0,73.0,Lamb,1914.0,8.6,False,False,False,False,True,False,False,True,False,False,False
goyocephale,Mongolia,large theropod,Dinosauria Ornithischia Genasauria Cerapoda Marginocephalia Pachycephalosauria Goyocephala,lattimorei,Late Cretaceous,81.0,75.0,Perle Maryańska and Osmólska,1982.0,2.0,False,False,True,False,False,False,False,False,True,False,False
gryposaurus,USA,euornithopod,Dinosauria Ornithischia Genasauria Cerapoda Ornithopoda Euornithopoda Iguanadontia Euiguanadontia Dryomorpha Ankylopollexia Iguanodontoidea Hadrosauridae Euhadrosauria Hadrosaurinae,notabilis,Late Cretaceous,86.0,71.0,Lambe,1914.0,10.0,False,False,False,False,True,False,False,False,True,False,False
guaibasaurus,Brazil,small theropod,Dinosauria Saurischia Theropoda,candelariensis,Late Triassic,221.0,210.0,Bonaparte Ferigolo and Ribeiro,1999.0,1.8,False,False,False,False,False,False,True,False,True,False,False
guanlong,China,small theropod,Dinosauria Saurischia Theropoda Neotheropoda Tetanurae Avetheropoda Coelurosauria Tyrannoraptora Tyrannosauroidea,wucaii,Late Jurassic,159.0,154.0,Xu Clark Forster Norell Erickson Eberth Jia and Zhao,2006.0,3.0,False,False,True,False,False,False,False,True,False,False,False
hadrosaurus,USA,euornithopod,Dinosauria Ornithischia Genasauria Cerapoda Ornithopoda Euornithopoda Iguanadontia Euiguanadontia Dryomorpha Ankylopollexia Iguanodontoidea Hadrosauridae Euhadrosauria Hadrosaurinae,foulkii,Late Cretaceous,78.0,74.0,Leidy,1858.0,9.0,False,False,False,False,True,False,False,False,True,False,False
haplocanthosaurus,USA,sauropod,Dinosauria Saurischia Sauropodomorpha Sauropoda Eusauropoda Neosauropoda Macronaria Camarasauromorpha Camarasauridae,priscus,Late Jurassic,154.0,142.0,Hatcher,1903.0,21.5,False,False,False,False,True,False,False,False,True,False,False
harpymimus,Mongolia,small theropod,Dinosauria Saurischia Theropoda Neotheropoda Tetanurae Avetheropoda Coelurosauria Tyrannoraptora Maniraptoriformes Ornithomimosauria,okladnikovi,Early Cretaceous,121.0,99.0,Barsbold and Perle,1984.0,2.0,False,False,True,False,False,False,False,False,False,True,False
herrerasaurus,Argentina,small theropod,Dinosauria Saurischia Theropoda Herrerasauridae,ischigualastensis,Late Triassic,228.0,228.0,Reig,1963.0,3.0,False,False,False,False,False,False,True,True,False,False,False
hesperosaurus,USA,armoured dinosaur,Dinosauria Ornithischia Genasauria Thyreophora Stegosauria Stegosauridae Stegosaurinae,mjosi,Late Jurassic,154.0,142.0,Carpenter Miles and Cloward,2001.0,6.0,False,False,False,False,True,False,False,False,True,False,False
heterodontosaurus,South Africa,euornithopod,Dinosauria Ornithischia Genasauria Cerapoda Heterodontosauridae,tucki,Early Jurassic,205.0,205.0,Crompton and Charig,1962.0,1.2,True,False,False,False,False,False,False,False,True,False,False
heyuannia,Mongolia,small theropod,Dinosauria Saurischia Theropoda Neotheropoda Tetanurae Avetheropoda Coelurosauria Tyrannoraptora Maniraptoriformes Maniraptora Oviraptorosauria Caenagnathoidea Oviraptoridae Ingeniinae,yanshini,Late Cretaceous,72.0,68.0,Barsbold,1981.0,2.0,False,False,True,False,False,False,False,False,False,True,False
homalocephale,Mongolia,euornithopod,Dinosauria Ornithischia Genasauria Cerapoda Marginocephalia Pachycephalosauria Goyocephala Homalocephaloidea,calathocercos,Late Cretaceous,72.0,68.0,Maryańska and Osmólska,1974.0,1.5,False,False,True,False,False,False,False,False,True,False,False
huayangosaurus,China,armoured dinosaur,Dinosauria Ornithischia Genasauria Thyreophora Stegosauria Huayangosauridae,taibaii,Mid Jurassic,170.0,160.0,Dong Tang and Zhou,1982.0,4.5,False,False,True,False,False,False,False,False,True,False,False
hylaeosaurus,United Kingdom,armoured dinosaur,Dinosauria Ornithischia Genasauria Thyreophora Ankylosauromorpha Ankylosauria,armatus,Early Cretaceous,150.0,135.0,Mantell,1833.0,5.0,False,False,False,True,False,False,False,False,True,False,False
hypacrosaurus,USA,euornithopod,Dinosauria Ornithischia Genasauria Cerapoda Ornithopoda Euornithopoda Iguanadontia Euiguanadontia Dryomorpha Ankylopollexia Iguanodontoidea Hadrosauridae Euhadrosauria Lambeosaurinae,altispinus,Late Cretaceous,70.0,70.0,Brown,1913.0,9.0,False,False,False,False,True,False,False,False,True,False,False
hypsilophodon,United Kingdom,euornithopod,Dinosauria Ornithischia Genasauria Cerapoda Ornithopoda Euornithopoda Hypsilophodontidae,foxii,Early Cretaceous,125.0,125.0,Huxley,1869.0,2.3,False,False,False,True,False,False,False,False,True,False,False
iguanodon,United Kingdom,euornithopod,Dinosauria Ornithischia Genasauria Cerapoda Ornithopoda Euornithopoda Iguanadontia Euiguanadontia Dryomorpha Ankylopollexia Iguanodontoidea,bernissartensis,Early Cretaceous,140.0,110.0,Boulenger and van Beneden,1881.0,10.0,False,False,False,True,False,False,False,False,True,False,False
indosuchus,India,large theropod,Dinosauria Saurischia Theropoda Neotheropoda Ceratosauria Neoceratosauria,raptorius,Late Cretaceous,71.0,65.0,Huene and Matley,1933.0,7.0,False,False,True,False,False,False,False,True,False,False,False
irritator,Brazil,large theropod,Dinosauria Saurischia Theropoda Neotheropoda Tetanurae Spinosauroidea Spinosauridae Spinosaurinae,challengeri,Early Cretaceous,112.0,99.0,Martill Cruickshank Frey Small and Clarke,1996.0,6.5,False,False,False,False,False,False,True,True,False,False,False
janenschia,Tanzania,sauropod,Dinosauria Saurischia Sauropodomorpha Sauropoda Eusauropoda Neosauropoda Macronaria Camarasauromorpha Titanosauriformes Titanosauria,robusta,Late Jurassic,154.0,151.0,Wild,1991.0,20.0,True,False,False,False,False,False,False,False,True,False,False
jaxartosaurus,Kazakhstan,euornithopod,Dinosauria Ornithischia Genasauria Cerapoda Ornithopoda Euornithopoda Iguanadontia Euiguanadontia Dryomorpha Ankylopollexia Iguanodontoidea Hadrosauridae Euhadrosauria Lambeosaurinae,aralensis,Late Cretaceous,94.0,84.0,Riabinin,1939.0,9.0,False,False,True,False,False,False,False,False,True,False,False
jingshanosaurus,China,sauropod,Dinosauria Saurischia Sauropodomorpha Prosauropoda Plateosauria,xinwaensis,Early Jurassic,205.0,190.0,Zhang and Yang,1995.0,5.0,False,False,True,False,False,False,False,False,True,False,False
jobaria,Niger,sauropod,Dinosauria Saurischia Sauropodomorpha Sauropoda Eusauropoda Neosauropoda Macronaria,tiguidensis,Early Cretaceous,132.0,94.0,Sereno Beck Dutheil Larsson Lyon Moussa Sadleir Sidor Varricchio Wilson and Wilson,1999.0,21.0,True,False,False,False,False,False,False,False,True,False,False
juravenator,Germany,small theropod,Dinosauria Saurischia Theropoda Neotheropoda Tetanurae Avetheropoda Coelurosauria Compsognathidae,starki,Late Jurassic,154.0,151.0,Göhlich &amp; Chiappe,2006.0,0.8,False,False,False,True,False,False,False,True,False,False,False
kentrosaurus,Tanzania,armoured dinosaur,Dinosauria Ornithischia Genasauria Thyreophora Stegosauria Stegosauridae Stegosaurinae,aethiopicus,Late Jurassic,155.0,150.0,Hennig,1915.0,5.0,True,False,False,False,False,False,False,False,True,False,False
khaan,Mongolia,small theropod,Dinosauria Saurischia Theropoda Neotheropoda Tetanurae Avetheropoda Coelurosauria Tyrannoraptora Maniraptoriformes Maniraptora Oviraptorosauria Caenagnathoidea Oviraptoridae Ingeniinae,mckennai,Late Cretaceous,81.0,75.0,Clark Norell and Barsbold,2001.0,1.8,False,False,True,False,False,False,False,False,False,True,False
kotasaurus,India,sauropod,Dinosauria Saurischia Sauropodomorpha Sauropoda,yamanpalliensis,Early Jurassic,205.0,180.0,Yadagiri,1988.0,9.0,False,False,True,False,False,False,False,False,True,False,False
kritosaurus,USA,euornithopod,Dinosauria Ornithischia Genasauria Cerapoda Ornithopoda Euornithopoda Iguanadontia Euiguanadontia Dryomorpha Ankylopollexia Iguanodontoidea Hadrosauridae Euhadrosauria Hadrosaurinae,navajovius,Late Cretaceous,78.0,74.0,Brown,1910.0,8.0,False,False,False,False,True,False,False,False,True,False,False
lambeosaurus,Canada,euornithopod,Dinosauria Ornithischia Genasauria Cerapoda Ornithopoda Euornithopoda Iguanadontia Euiguanadontia Dryomorpha Ankylopollexia Iguanodontoidea Hadrosauridae Euhadrosauria Lambeosaurinae,lambei,Late Cretaceous,76.0,74.0,Parks,1923.0,9.0,False,False,False,False,True,False,False,False,True,False,False
leaellynasaura,Australia,euornithopod,Dinosauria Ornithischia Genasauria Cerapoda Ornithopoda Euornithopoda,amicagraphica,Early Cretaceous,115.0,110.0,Rich and Rich,1989.0,2.0,False,False,False,False,False,True,False,False,True,False,False
leptoceratops,USA,ceratopsian,Dinosauria Ornithischia Genasauria Cerapoda Marginocephalia Ceratopsia Neoceratopsia Coronosauria,gracilis,Late Cretaceous,67.0,65.0,Brown,1914.0,3.0,False,False,False,False,True,False,False,False,True,False,False
ligabuesaurus,Argentina,sauropod,Dinosauria Saurischia Sauropodomorpha Sauropoda Eusauropoda Neosauropoda Macronaria Camarasauromorpha Titanosauriformes Titanosauria,leanzai,Early Cretaceous,121.0,99.0,Bonaparte González Riga and Apesteguía,2006.0,24.0,False,False,False,False,False,False,True,False,True,False,False
liliensternus,Germany,small theropod,Dinosauria Saurischia Theropoda Neotheropoda,liliensterni,Late Triassic,205.0,202.0,Huene,1934.0,5.0,False,False,False,True,False,False,False,True,False,False,False
lophorhothon,USA,euornithopod,Dinosauria Ornithischia Genasauria Cerapoda Ornithopoda Euornithopoda Iguanadontia Euiguanadontia Dryomorpha Ankylopollexia Iguanodontoidea Hadrosauridae Euhadrosauria Hadrosaurinae,atopus,Late Cretaceous,84.0,71.0,Xu Makovicky Wang Norell and You,1960.0,4.5,False,False,False,False,True,False,False,False,True,False,False
lophostropheus,France,large theropod,Dinosauria Saurischia,airelensis,Early Jurassic,203.0,196.0,Ezcurra and Cuny,2007.0,6.2,False,False,False,True,False,False,False,True,False,False,False
lufengosaurus,China,sauropod,Dinosauria Saurischia Sauropodomorpha Prosauropoda Plateosauria Plateosauridae,huenei,Early Jurassic,200.0,195.0,Young,1941.0,6.0,False,False,True,False,False,False,False,False,True,False,False
lurdusaurus,Niger,euornithopod,Dinosauria Ornithischia Genasauria Cerapoda Ornithopoda Euornithopoda Iguanadontia Euiguanadontia Dryomorpha Ankylopollexia Iguanodontoidea,arenatus,Early Cretaceous,121.0,112.0,Taquet &amp; Russell,1999.0,9.0,True,False,False,False,False,False,False,False,True,False,False
lycorhinus,South Africa,euornithopod,Dinosauria Ornithischia Genasauria Cerapoda Heterodontosauridae,angustidens,Late Triassic,205.0,195.0,Haughton,1924.0,1.2,True,False,False,False,False,False,False,False,True,False,False
magyarosaurus,Romania,sauropod,Dinosauria Saurischia Sauropodomorpha Sauropoda Eusauropoda Neosauropoda Macronaria Camarasauromorpha Titanosauriformes Titanosauria Lithostrotia,dacus,Late Cretaceous,71.0,65.0,Nopcsa,1915.0,5.0,False,False,False,True,False,False,False,False,True,False,False
maiasaura,USA,euornithopod,Dinosauria Ornithischia Genasauria Cerapoda Ornithopoda Euornithopoda Iguanadontia Euiguanadontia Dryomorpha Ankylopollexia Iguanodontoidea Hadrosauridae Euhadrosauria Hadrosaurinae,peeblesorum,Late Cretaceous,80.0,75.0,Horner and Makela,1979.0,9.0,False,False,False,False,True,False,False,False,True,False,False
majungasaurus,Madagascar,large theropod,Dinosauria Saurischia Theropoda Neotheropoda Ceratosauria Neoceratosauria Abelisauridae,atopus,Late Cretaceous,84.0,71.0,Sues &amp; Taquet,1979.0,6.0,True,False,False,False,False,False,False,True,False,False,False
malawisaurus,Malawi,sauropod,Dinosauria Saurischia Sauropodomorpha Sauropoda Eusauropoda Neosauropoda Macronaria Camarasauromorpha Titanosauriformes Titanosauria Lithostrotia,dixeyi,Early Cretaceous,121.0,112.0,Haughton,1928.0,9.0,True,False,False,False,False,False,False,False,True,False,False
mamenchisaurus,China,sauropod,Dinosauria Saurischia Sauropodomorpha Sauropoda Eusauropoda,constructus,Late Jurassic,155.0,145.0,Young,1954.0,22.0,False,False,True,False,False,False,False,False,True,False,False
mapusaurus,Argentina,large theropod,Dinosauria Saurischia Theropoda Neotheropoda Tetanurae Avetheropoda Carnosauria Allosauroidea Allosauridae Charcharodontosauridae Giganotosaurinae,roseae,Late Cretaceous,99.0,94.0,Coria and Currie,2006.0,13.0,False,False,False,False,False,False,True,True,False,False,False
marshosaurus,USA,large theropod,Dinosauria Saurischia Theropoda Neotheropoda Tetanurae Avetheropoda,bicentesimus,Late Jurassic,154.0,142.0,Madsen,1976.0,6.0,False,False,False,False,True,False,False,True,False,False,False
masiakasaurus,Madagascar,small theropod,Dinosauria Saurischia Theropoda Neotheropoda Ceratosauria Neoceratosauria Abelisauroidea Abelisauria,knopfleri,Late Cretaceous,84.0,71.0,Sampson Carrano &amp; Forster,2001.0,2.0,True,False,False,False,False,False,False,True,False,False,False
massospondylus,Zimbabwe,sauropod,Dinosauria Saurischia Sauropodomorpha Prosauropoda Plateosauria Plateosauridae,carinatus,Early Jurassic,208.0,204.0,Owen,1854.0,4.0,True,False,False,False,False,False,False,False,False,True,False
maxakalisaurus,Brazil,sauropod,Dinosauria Saurischia Sauropodomorpha Sauropoda Eusauropoda Neosauropoda Macronaria Camarasauromorpha Titanosauriformes Titanosauria Lithostrotia Saltasauridae Saltasaurinae,topai,Late Cretaceous,80.0,80.0,Kellner et al.,2006.0,13.0,False,False,False,False,False,False,True,False,True,False,False
megalosaurus,United Kingdom,large theropod,Dinosauria Saurischia Theropoda Neotheropoda Tetanurae Spinosauroidea Megalosauridae Megalosaurinae,bucklandii,Mid Jurassic,170.0,155.0,Ritgen,1826.0,9.0,False,False,False,True,False,False,False,True,False,False,False
melanorosaurus,South Africa,sauropod,Dinosauria Saurischia Sauropodomorpha Prosauropoda Anchisauria Melanorosauridae,readi,Late Triassic,227.0,221.0,Haughton,1924.0,12.0,True,False,False,False,False,False,False,False,False,True,False
metriacanthosaurus,United Kingdom,large theropod,Dinosauria Saurischia Theropoda Neotheropoda Tetanurae,parkeri,Late Jurassic,159.0,154.0,Walker,1964.0,8.2,False,False,False,True,False,False,False,True,False,False,False
microceratus,Mongolia,ceratopsian,Dinosauria Ornithischia Genasauria Cerapoda Marginocephalia Ceratopsia Neoceratopsia Coronosauria,gobiensis,Late Cretaceous,86.0,66.0,Bohlin,1953.0,0.5,False,False,True,False,False,False,False,False,True,False,False
micropachycephalosaurus,China,ceratopsian,Dinosauria Ornithischia Genasauria Cerapoda Marginocephalia Pachycephalosauria,hongtuyanensis,Late Cretaceous,84.0,71.0,Dong,1978.0,0.6,False,False,True,False,False,False,False,False,True,False,False
microraptor,China,small theropod,Dinosauria Saurischia Theropoda Neotheropoda Tetanurae Avetheropoda Coelurosauria Tyrannoraptora Maniraptoriformes Maniraptora Paraves Eumaniraptora Dromaeosauridae,zhaoianus,Early Cretaceous,125.0,122.0,Xu Zhou and Wang,2000.0,0.8,False,False,True,False,False,False,False,True,False,False,False
minmi,Australia,armoured dinosaur,Dinosauria Ornithischia Genasauria Thyreophora Ankylosauromorpha Ankylosauria,paravertebra,Early Cretaceous,121.0,112.0,Molnar,1980.0,3.0,False,False,False,False,False,True,False,False,True,False,False
monolophosaurus,China,large theropod,Dinosauria Saurischia Theropoda Neotheropoda Tetanurae Avetheropoda Carnosauria,jiangi,Mid Jurassic,180.0,159.0,Zhao and Currie,1993.0,5.7,False,False,True,False,False,False,False,True,False,False,False
mononykus,Mongolia,small theropod,Dinosauria Saurischia Theropoda Neotheropoda Tetanurae Avetheropoda Coelurosauria Tyrannoraptora Maniraptoriformes Maniraptora Alvarezsauridae,olecranus,Late Cretaceous,81.0,68.0,Perle Norell Chiappe and Clark,1993.0,1.0,False,False,True,False,False,False,False,False,False,False,True
mussaurus,Argentina,sauropod,Dinosauria Saurischia Sauropodomorpha Prosauropoda Plateosauria Plateosauridae,patagonicus,Late Triassic,221.0,210.0,Bonaparte and Vince,1979.0,3.0,False,False,False,False,False,False,True,False,True,False,False
muttaburrasaurus,Australia,euornithopod,Dinosauria Ornithischia Genasauria Cerapoda Ornithopoda Euornithopoda Iguanadontia Euiguanadontia Dryomorpha Ankylopollexia Iguanodontoidea,langdoni,Early Cretaceous,110.0,100.0,Bartholomai and Molnar,1981.0,7.0,False,False,False,False,False,True,False,False,True,False,False
nanshiungosaurus,China,large theropod,Dinosauria Saurischia Theropoda Neotheropoda Tetanurae Avetheropoda Coelurosauria Tyrannoraptora Maniraptoriformes Maniraptora Therizinosauroidea Therizinosauridae,brevispinus,Late Cretaceous,84.0,71.0,Dong,1979.0,4.4,False,False,True,False,False,False,False,False,False,True,False
nedoceratops,USA,ceratopsian,Dinosauria Ornithischia Genasauria Cerapoda Marginocephalia Ceratopsia Neoceratopsia Coronosauria Ceratopsidae Chasmosaurinae,hatcheri,Late Cretaceous,67.0,65.0,Lull,1905.0,7.0,False,False,False,False,True,False,False,False,True,False,False
nemegtosaurus,Mongolia,sauropod,Dinosauria Saurischia Sauropodomorpha Sauropoda Eusauropoda Neosauropoda Diplodocoidea Nemegtosauridae,mongoliensis,Late Cretaceous,72.0,68.0,Nowinski,1971.0,13.0,False,False,True,False,False,False,False,False,True,False,False
neovenator,United Kingdom,large theropod,Dinosauria Saurischia Theropoda Neotheropoda Tetanurae Avetheropoda Carnosauria Allosauroidea Carcharodontosauridae,salerii,Early Cretaceous,127.0,121.0,Hutt Martill and Barker,1996.0,7.4,False,False,False,True,False,False,False,True,False,False,False
neuquenosaurus,Argentina,sauropod,Dinosauria Saurischia Sauropodomorpha Sauropoda Eusauropoda Neosauropoda Macronaria Camarasauromorpha Titanosauriformes Titanosauria Lithostrotia Saltasauridae,australis,Late Cretaceous,71.0,65.0,Lydekker,1893.0,10.0,False,False,False,False,False,False,True,False,True,False,False
nigersaurus,Tunisia,sauropod,Dinosauria Saurischia Sauropodomorpha Sauropoda Eusauropoda Neosauropoda Diplodocoidea Rebbachisauridae,taqueti,Early Cretaceous,121.0,99.0,Sereno Beck Dutheil Larsson Lyon Moussa Sadleir Sidor Varricchio Wilson &amp; Wilson,1999.0,15.0,True,False,False,False,False,False,False,False,True,False,False
noasaurus,Argentina,small theropod,Dinosauria Saurischia Theropoda Neotheropoda Ceratosauria Neoceratosauria Abelisauroidea Abelisauria,leali,Late Cretaceous,84.0,65.0,Bonaparte and Powell,1980.0,1.0,False,False,False,False,False,False,True,True,False,False,False
nodosaurus,USA,armoured dinosaur,Dinosauria Ornithischia Genasauria Thyreophora Ankylosauromorpha Ankylosauria Nodosauridae,textilis,Early Cretaceous,110.0,100.0,Marsh,1889.0,5.0,False,False,False,False,True,False,False,False,True,False,False
nomingia,Mongolia,small theropod,Dinosauria Saurischia Theropoda Neotheropoda Tetanurae Avetheropoda Coelurosauria Tyrannoraptora Maniraptoriformes Maniraptora Oviraptorosauria Caenagnathoidea Caenagnathidae,gobiensis,Late Cretaceous,72.0,68.0,Barsbold Osmólska Watabe Currie and Tsogtbaatar,2000.0,1.6,False,False,True,False,False,False,False,False,False,True,False
nothronychus,USA,large theropod,Dinosauria Saurischia Theropoda Neotheropoda Tetanurae Avetheropoda Coelurosauria Tyrannoraptora Maniraptoriformes Maniraptora Therizinosauroidea Therizinosauridae,mckinleyi,Late Cretaceous,94.0,89.0,Kirkland and Wolfe,2001.0,5.3,False,False,False,False,True,False,False,False,False,True,False
nqwebasaurus,South Africa,small theropod,Dinosauria Saurischia Theropoda Neotheropoda Tetanurae Avetheropoda Coelurosauria,thwazi,Mid Jurassic,159.0,132.0,de Klerk Forster Sampson Chinsamy and Ross,2000.0,1.0,True,False,False,False,False,False,False,True,False,False,False
omeisaurus,China,sauropod,Dinosauria Saurischia Sauropodomorpha Sauropoda Eusauropoda,junghsiensis,Mid Jurassic,169.0,159.0,Young,1939.0,20.0,False,False,True,False,False,False,False,False,True,False,False
opisthocoelicaudia,Mongolia,sauropod,Dinosauria Saurischia Sauropodomorpha Sauropoda Eusauropoda Neosauropoda Macronaria Camarasauromorpha Titanosauriformes Titanosauria Lithostrotia Saltasauridae,skarzynskii ,Late Cretaceous,72.0,68.0,Borsuk-Bialynicka,1977.0,12.0,False,False,True,False,False,False,False,False,True,False,False
ornitholestes,USA,small theropod,Dinosauria Saurischia Theropoda Neotheropoda Tetanurae Avetheropoda Coelurosauria,hermanni,Late Jurassic,150.0,144.0,Osbourne,1933.0,2.0,False,False,False,False,True,False,False,True,False,False,False
ornithomimus,USA,large theropod,Dinosauria Saurischia Theropoda Neotheropoda Tetanurae Avetheropoda Coelurosauria Tyrannoraptora Maniraptoriformes Ornithomimosauria Ornithomimidae,velox,Late Cretaceous,74.0,65.0,Marsh,1890.0,4.0,False,False,False,False,True,False,False,False,False,True,False
orodromeus,USA,euornithopod,Dinosauria Ornithischia Genasauria Cerapoda Ornithopoda Euornithopoda,makelai,Late Cretaceous,74.0,74.0,Horner and Weishampel,1988.0,2.0,False,False,False,False,True,False,False,False,True,False,False
oryctodromeus,USA,euornithopod,Dinosauria Ornithischia,cubicularis,Late Cretaceous,99.0,94.0,Varricchio Marin and Katsura,2007.0,2.1,False,False,False,False,True,False,False,False,True,False,False
othnielia,USA,euornithopod,Dinosauria Ornithischia Genasauria Cerapoda Ornithopoda Euornithopoda,rex,Late Jurassic,154.0,142.0,Marsh,1877.0,1.4,False,False,False,False,True,False,False,False,True,False,False
ouranosaurus,Niger,euornithopod,Dinosauria Ornithischia Genasauria Cerapoda Ornithopoda Euornithopoda Iguanadontia Euiguanadontia Dryomorpha Ankylopollexia Iguanodontoidea,nigeriensis,Early Cretaceous,115.0,100.0,Taquet,1976.0,7.0,True,False,False,False,False,False,False,False,True,False,False
oviraptor,Mongolia,small theropod,Dinosauria Saurischia Theropoda Neotheropoda Tetanurae Avetheropoda Coelurosauria Tyrannoraptora Maniraptoriformes Maniraptora Oviraptorosauria Caenagnathoidea Oviraptoridae Oviraptorinae,philoceratops,Late Cretaceous,85.0,75.0,Osborn,1924.0,2.0,False,False,True,False,False,False,False,False,False,True,False
pachycephalosaurus,USA,euornithopod,Dinosauria Ornithischia Genasauria Cerapoda Marginocephalia Pachycephalosauria Goyocephala Homalocephaloidea Pachycephalosauridae,wyomingensis,Late Cretaceous,76.0,65.0,Brown and Schlaikjer,1943.0,8.0,False,False,False,False,True,False,False,False,True,False,False
pachyrhinosaurus,Canada,ceratopsian,Dinosauria Ornithischia Genasauria Cerapoda Marginocephalia Ceratopsia Neoceratopsia Coronosauria Ceratopsidae Centrosaurinae,canadensis,Late Cretaceous,76.0,74.0,Sternberg,1950.0,6.0,False,False,False,False,True,False,False,False,True,False,False
panoplosaurus,USA,armoured dinosaur,Dinosauria Ornithischia Genasauria Thyreophora Ankylosauromorpha Ankylosauria Nodosauridae,mirus,Late Cretaceous,79.0,75.0,Lambe,1919.0,7.0,False,False,False,False,True,False,False,False,True,False,False
paralititan,Egypt,sauropod,Dinosauria Saurischia Sauropodomorpha Sauropoda Eusauropoda Neosauropoda Macronaria Camarasauromorpha Titanosauriformes Titanosauria Lithostrotia,stromeri,Late Cretaceous,99.0,94.0,Smith Lamanna Lacovara Dodson Smith Poole Giegengack and Attia,2001.0,28.0,True,False,False,False,False,False,False,False,True,False,False
parasaurolophus,USA,euornithopod,Dinosauria Ornithischia Genasauria Cerapoda Ornithopoda Euornithopoda Iguanadontia Euiguanadontia Dryomorpha Ankylopollexia Iguanodontoidea Hadrosauridae Euhadrosauria Lambeosaurinae,walkeri,Late Cretaceous,76.0,74.0,Parks,1922.0,11.0,False,False,False,False,True,False,False,False,True,False,False
parksosaurus,Canada,euornithopod,Dinosauria Ornithischia Genasauria Cerapoda Ornithopoda Euornithopoda,warrenae,Late Cretaceous,76.0,74.0,Sternberg,1937.0,3.0,False,False,False,False,True,False,False,False,True,False,False
patagosaurus,Argentina,sauropod,Dinosauria Saurischia Sauropodomorpha Sauropoda Eusauropoda Cetiosauridae,fariasi,Mid Jurassic,164.0,159.0,Bonaparte,1979.0,18.0,False,False,False,False,False,False,True,False,True,False,False
pelicanimimus,Spain,small theropod,Dinosauria Saurischia Theropoda Neotheropoda Tetanurae Avetheropoda Coelurosauria Tyrannoraptora Maniraptoriformes Ornithomimosauria,polyodon,Early Cretaceous,127.0,121.0,Pérez-Moreno Sanz Buscalioni Moratalla Ortega and Rasskin-Gutman,1994.0,2.0,False,False,False,True,False,False,False,True,False,False,False
pelorosaurus,United Kingdom,sauropod,Dinosauria Saurischia Sauropodomorpha Sauropoda Eusauropoda Neosauropoda Macronaria Camarasauromorpha Titanosauriformes,conybearei,Early Cretaceous,125.0,125.0,Mantell,1850.0,25.0,False,False,False,True,False,False,False,False,True,False,False
pentaceratops,USA,ceratopsian,Dinosauria Ornithischia Genasauria Cerapoda Marginocephalia Ceratopsia Neoceratopsia Coronosauria Ceratopsidae Chasmosaurinae,sternbergi,Late Cretaceous,76.0,74.0,Osborn,1923.0,6.8,False,False,False,False,True,False,False,False,True,False,False
piatnitzkysaurus,Argentina,large theropod,Dinosauria Saurischia Theropoda Neotheropoda Tetanurae Spinosauroidea Megalosauridae Eustreptospondylinae,floresi,Late Jurassic,164.0,159.0,Bonaparte,1979.0,4.2,False,False,False,False,False,False,True,True,False,False,False
pinacosaurus,Mongolia,armoured dinosaur,Dinosauria Ornithischia Genasauria Thyreophora Ankylosauromorpha Ankylosauria Ankylosauridae,grangeri,Late Cretaceous,81.0,75.0,Gilmore,1933.0,5.0,False,False,True,False,False,False,False,False,True,False,False
plateosaurus,Switzerland,sauropod,Dinosauria Saurischia Sauropodomorpha Prosauropoda Plateosauria Plateosauridae,engelhardti,Late Triassic,210.0,210.0,Meyer,1837.0,7.0,False,False,False,True,False,False,False,False,True,False,False
podokesaurus,USA,small theropod,Dinosauria Saurischia Theropoda Neotheropoda Coelophysoidea,holyokensis,Mid Jurassic,195.0,180.0,Talbot,1911.0,0.9,False,False,False,False,True,False,False,True,False,False,False
poekilopleuron,France,large theropod,Dinosauria Saurischia Theropoda Neotheropoda Tetanurae Spinosauroidea Megalosauridae Megalosaurinae,bucklandii,Mid Jurassic,169.0,164.0,Eudes-Deslongchamps,1838.0,9.0,False,False,False,True,False,False,False,True,False,False,False
polacanthus,United Kingdom,armoured dinosaur,Dinosauria Ornithischia Genasauria Thyreophora Ankylosauromorpha Ankylosauria,foxii,Early Cretaceous,125.0,125.0,Hulke,1881.0,5.0,False,False,False,True,False,False,False,False,True,False,False
prenocephale,Mongolia,euornithopod,Dinosauria Ornithischia Genasauria Cerapoda Marginocephalia Pachycephalosauria Goyocephala Homalocephaloidea Pachycephalosauridae,prenes,Late Cretaceous,80.0,65.0,Maryańska and Osmólska,1974.0,2.4,False,False,True,False,False,False,False,False,True,False,False
probactrosaurus,China,euornithopod,Dinosauria Ornithischia Genasauria Cerapoda Ornithopoda Euornithopoda Iguanadontia Euiguanadontia Dryomorpha Ankylopollexia Iguanodontoidea,gobiensis,Early Cretaceous,121.0,99.0,Rozhdestvensky,1966.0,6.0,False,False,True,False,False,False,False,False,True,False,False
proceratosaurus,United Kingdom,small theropod,Dinosauria Saurischia Theropoda Neotheropoda Tetanurae Avetheropoda Coelurosauria,bradleyi,Mid Jurassic,169.0,164.0,Woodward,1910.0,4.1,False,False,False,True,False,False,False,True,False,False,False
procompsognathus,Germany,small theropod,Dinosauria Saurischia Theropoda Neotheropoda Coelophysoidea,triassicus,Late Triassic,221.0,210.0,Fraas,1913.0,1.0,False,False,False,True,False,False,False,True,False,False,False
prosaurolophus,USA,euornithopod,Dinosauria Ornithischia Genasauria Cerapoda Ornithopoda Euornithopoda Iguanadontia Euiguanadontia Dryomorpha Ankylopollexia Iguanodontoidea Hadrosauridae Euhadrosauria Hadrosaurinae,maximus,Late Cretaceous,77.0,75.0,Brown,1916.0,7.6,False,False,False,False,True,False,False,False,True,False,False
protarchaeopteryx,China,small theropod,Dinosauria Saurischia Theropoda Neotheropoda Tetanurae Avetheropoda Coelurosauria Tyrannoraptora Maniraptoriformes Maniraptora Paraves Eumaniraptora,robusta,Early Cretaceous,122.0,120.0,Ji and Ji,1997.0,2.0,False,False,True,False,False,False,False,True,False,False,False
protoceratops,Mongolia,ceratopsian,Dinosauria Ornithischia Genasauria Cerapoda Marginocephalia Ceratopsia Neoceratopsia Coronosauria,andrewsi,Late Cretaceous,74.0,70.0,Granger and Gregory,1923.0,1.8,False,False,True,False,False,False,False,False,True,False,False
protohadros,USA,euornithopod,Dinosauria Ornithischia Genasauria Cerapoda Ornithopoda Euornithopoda Iguanadontia Euiguanadontia Dryomorpha Ankylopollexia Iguanodontoidea,byrdi,Late Cretaceous,99.0,94.0,Head,1998.0,6.0,False,False,False,False,True,False,False,False,True,False,False
psittacosaurus,Russia,ceratopsian,Dinosauria Ornithischia Genasauria Cerapoda Marginocephalia Ceratopsia Psittacosauridae,mongoliensis,Early Cretaceous,120.0,100.0,Osborn,1923.0,2.0,False,False,False,True,False,False,False,False,True,False,False
quaesitosaurus,Mongolia,sauropod,Dinosauria Saurischia Sauropodomorpha Sauropoda Eusauropoda Neosauropoda Diplodocoidea Nemegtosauridae,orientalis,Late Cretaceous,86.0,84.0,Kurzanov and Bannikov,1983.0,23.0,False,False,True,False,False,False,False,False,True,False,False
rebbachisaurus,Morocco,sauropod,Dinosauria Saurischia Sauropodomorpha Sauropoda Eusauropoda Neosauropoda Diplodocoidea Rebbachisauridae,garasbae,Early Cretaceous,112.0,99.0,Lavocat,1954.0,20.0,True,False,False,False,False,False,False,False,True,False,False
rhabdodon,Spain,euornithopod,Dinosauria Ornithischia Genasauria Cerapoda Ornithopoda Euornithopoda Iguanadontia Rhabdodontidae,priscus,Late Cretaceous,76.0,70.0,Matherton,1869.0,4.0,False,False,False,True,False,False,False,False,True,False,False
rhoetosaurus,Australia,sauropod,Dinosauria Saurischia Sauropodomorpha Sauropoda,brownei,Mid Jurassic,177.0,169.0,Longman,1926.0,15.0,False,False,False,False,False,True,False,False,True,False,False
rinchenia,Mongolia,small theropod,Dinosauria Saurischia Theropoda Neotheropoda Tetanurae Avetheropoda Coelurosauria Tyrannoraptora Maniraptoriformes Maniraptora Oviraptorosauria Caenagnathoidea Oviraptoridae Oviraptorinae,mongoliensis,Late Cretaceous,72.0,68.0,Barsbold,1986.0,2.5,False,False,True,False,False,False,False,False,False,True,False
rugops,Niger,large theropod,Dinosauria Saurischia Theropoda Neotheropoda Ceratosauria Neoceratosauria Abelisauridae,primus,Late Cretaceous,95.0,95.0,Sereno Wilson and Conrad,2004.0,7.0,True,False,False,False,False,False,False,True,False,False,False
saichania,Mongolia,armoured dinosaur,Dinosauria Ornithischia Genasauria Thyreophora Ankylosauromorpha Ankylosauria Ankylosauridae,chulsanensis,Late Cretaceous,80.0,80.0,Maryañska,1977.0,6.6,False,False,True,False,False,False,False,False,True,False,False
saltasaurus,Argentina,sauropod,Dinosauria Saurischia Sauropodomorpha Sauropoda Eusauropoda Neosauropoda Macronaria Camarasauromorpha Titanosauriformes Titanosauria Lithostrotia Saltasauridae,loricatus,Late Cretaceous,70.0,65.0,Bonaparte and Powell,1980.0,12.0,False,False,False,False,False,False,True,False,True,False,False
sarcosaurus,United Kingdom,small theropod,Dinosauria Saurischia Theropoda Neotheropoda Ceratosauria,woodi,Early Jurassic,202.0,195.0,Andrews,1921.0,3.0,False,False,False,True,False,False,False,True,False,False,False
saurolophus,Mongolia,euornithopod,Dinosauria Ornithischia Genasauria Cerapoda Ornithopoda Euornithopoda Iguanadontia Euiguanadontia Dryomorpha Ankylopollexia Iguanodontoidea Hadrosauridae Euhadrosauria Hadrosaurinae,osborni,Late Cretaceous,74.0,70.0,Brown,1912.0,9.0,False,False,True,False,False,False,False,False,True,False,False
sauropelta,USA,armoured dinosaur,Dinosauria Ornithischia Genasauria Thyreophora Ankylosauromorpha Ankylosauria Nodosauridae,edwardsorum,Early Cretaceous,121.0,94.0,Ostrom,1970.0,6.5,False,False,False,False,True,False,False,False,True,False,False
saurophaganax,USA,large theropod,Dinosauria Saurischia Theropoda Neotheropoda Tetanurae Avetheropoda Carnosauria Allosauroidea Allosauridae,maximus,Late Jurassic,154.0,142.0,Chure,1996.0,12.0,False,False,False,False,True,False,False,True,False,False,False
saurornithoides,Mongolia,small theropod,Dinosauria Saurischia Theropoda Neotheropoda Tetanurae Avetheropoda Coelurosauria Tyrannoraptora Maniraptoriformes Maniraptora Paraves Eumaniraptoria Troodontidae,mongoliensis,Late Cretaceous,85.0,80.0,Osborn,1924.0,3.0,False,False,True,False,False,False,False,True,False,False,False
scelidosaurus,United Kingdom,armoured dinosaur,Dinosauria Ornithischia Genasauria Thyreophora Scelidosauridae,harrisonii,Early Jurassic,208.0,194.0,Owen,1868.0,4.0,False,False,False,True,False,False,False,False,True,False,False
scutellosaurus,USA,armoured dinosaur,Dinosauria Ornithischia Genasauria Thyreophora,lawleri,Early Jurassic,205.0,202.0,Colbert,1981.0,1.2,False,False,False,False,True,False,False,False,True,False,False
secernosaurus,Argentina,euornithopod,Dinosauria Ornithischia Genasauria Cerapoda Ornithopoda Euornithopoda Iguanadontia Euiguanadontia Dryomorpha Ankylopollexia Iguanodontoidea Hadrosauridae,koerneri,Late Cretaceous,71.0,65.0,Brett-Surman,1979.0,3.0,False,False,False,False,False,False,True,False,True,False,False
segisaurus,USA,small theropod,Dinosauria Saurischia Theropoda Neotheropoda Coelophysoidea Coelophysidae,halli,Mid Jurassic,195.0,180.0,Camp,1936.0,1.5,False,False,False,False,True,False,False,True,False,False,False
segnosaurus,Mongolia,large theropod,Dinosauria Saurischia Theropoda Neotheropoda Tetanurae Avetheropoda Coelurosauria Tyrannoraptora Maniraptoriformes Maniraptora Therizinosauroidea Therizinosauridae,galbinensis,Late Cretaceous,97.0,88.0,Perle,1979.0,4.0,False,False,True,False,False,False,False,True,False,False,False
shanag,Mongolia,small theropod,Dinosauria Saurischia,ashile,Early Cretaceous,126.0,142.0,Turner Hwang and Norell,2007.0,0.45,False,False,True,False,False,False,False,True,False,False,False
shantungosaurus,China,euornithopod,Dinosauria Ornithischia Genasauria Cerapoda Ornithopoda Euornithopoda Iguanadontia Euiguanadontia Dryomorpha Ankylopollexia Iguanodontoidea Hadrosauridae Euhadrosauria Hadrosaurinae,giganteus,Late Cretaceous,78.0,74.0,Hu,1973.0,15.0,False,False,True,False,False,False,False,False,True,False,False
shunosaurus,China,sauropod,Dinosauria Saurischia Sauropodomorpha Sauropoda Eusauropoda,lii,Mid Jurassic,170.0,160.0,Dong Zhou and Zhang,1983.0,10.0,False,False,True,False,False,False,False,False,True,False,False
shuvuuia,Mongolia,small theropod,Dinosauria Saurischia Theropoda Neotheropoda Tetanurae Avetheropoda Coelurosauria Tyrannoraptora Maniraptoriformes Maniraptora Alvarezsauridae,deserti,Late Cretaceous,75.0,81.0,Chiappe Norell and Clark,1998.0,0.6,False,False,True,False,False,False,False,False,False,True,False
silvisaurus,USA,armoured dinosaur,Dinosauria Ornithischia Genasauria Thyreophora Ankylosauromorpha Ankylosauria Nodosauridae,condrayi,Early Cretaceous,121.0,112.0,Eaton,1960.0,4.0,False,False,False,False,True,False,False,False,True,False,False
sinocalliopteryx,China,small theropod,Dinosauria Saurischia,gigas,Early Cretaceous,125.0,125.0,Ji Ji Lü and Yuan,2007.0,2.37,False,False,True,False,False,False,False,True,False,False,False
sinornithosaurus,China,small theropod,Dinosauria Saurischia Theropoda Neotheropoda Tetanurae Avetheropoda Coelurosauria Tyrannoraptora Maniraptoriformes Maniraptora Paraves Eumaniraptora Dromaeosauridae,millenii,Early Cretaceous,122.0,120.0,Xu Wang and Wu,1999.0,2.0,False,False,True,False,False,False,False,True,False,False,False
sinosauropteryx,China,small theropod,Dinosauria Saurischia Theropoda Neotheropoda Tetanurae Avetheropoda Coelurosauria Compsognathidae,prima,Early Cretaceous,122.0,120.0,Ji and Ji,1996.0,1.0,False,False,True,False,False,False,False,True,False,False,False
sinovenator,China,small theropod,Dinosauria Saurischia Theropoda Neotheropoda Tetanurae Avetheropoda Coelurosauria Tyrannoraptora Maniraptoriformes Maniraptora Paraves Eumaniraptoria Troodontidae,changii,Early Cretaceous,127.0,121.0,Xu Norell Wang Makovicky and Wu,2002.0,1.0,False,False,True,False,False,False,False,True,False,False,False
sinraptor,China,large theropod,Dinosauria Saurischia Theropoda Neotheropoda Tetanurae Avetheropoda Carnosauria Allosauroidea Sinraptoridae,hepingensis,Mid Jurassic,169.0,142.0,Gao,1992.0,7.6,False,False,True,False,False,False,False,True,False,False,False
sonidosaurus,China,sauropod,Dinosauria Saurischia Sauropodomorpha Sauropoda Eusauropoda Neosauropoda Macronaria Camarasauromorpha Titanosauriformes Titanosauria,saihangaobiensis,Late Cretaceous,89.0,65.0,Xu Zhang Tan Zhao and Tan,2006.0,9.0,False,False,True,False,False,False,False,False,True,False,False
spinosaurus,Morocco,large theropod,Dinosauria Saurischia Theropoda Neotheropoda Tetanurae Spinosauroidea Spinosauridae Spinosaurinae,aegyptiacus,Late Cretaceous,95.0,70.0,Stromer,1915.0,18.0,True,False,False,False,False,False,False,True,False,False,False
staurikosaurus,Brazil,large theropod,Dinosauria Saurischia Theropoda Herrerasauridae,pricei,Late Triassic,227.0,221.0,Colbert,1970.0,2.0,False,False,False,False,False,False,True,True,False,False,False
stegoceras,USA,euornithopod,Dinosauria Ornithischia Genasauria Cerapoda Marginocephalia Pachycephalosauria Goyocephala Homalocephaloidea Pachycephalosauridae,validum,Late Cretaceous,76.0,74.0,Lambe,1902.0,2.4,False,False,False,False,True,False,False,False,True,False,False
stegosaurus,USA,armoured dinosaur,Dinosauria Ornithischia Genasauria Thyreophora Stegosauria Stegosauridae Stegosaurinae,armatus,Late Jurassic,155.0,145.0,Marsh,1877.0,9.0,False,False,False,False,True,False,False,False,True,False,False
stenopelix,Germany,ceratopsian,Dinosauria Ornithischia Genasauria Cerapoda Marginocephalia Pachycephalosauria,valdensis,Early Cretaceous,127.0,121.0,Meyer,1857.0,1.5,False,False,False,True,False,False,False,False,True,False,False
struthiomimus,Canada,small theropod,Dinosauria Saurischia Theropoda Neotheropoda Tetanurae Avetheropoda Coelurosauria Tyrannoraptora Maniraptoriformes Ornithomimosauria Ornithomimidae,altus,Late Cretaceous,76.0,74.0,Osborn,1917.0,4.0,False,False,False,False,True,False,False,False,False,True,False
struthiosaurus,Spain,armoured dinosaur,Dinosauria Ornithischia Genasauria Thyreophora Ankylosauromorpha Ankylosauria Nodosauridae,austriacus,Late Cretaceous,83.0,75.0,Bunzel,1871.0,2.5,False,False,False,True,False,False,False,False,True,False,False
styracosaurus,USA,ceratopsian,Dinosauria Ornithischia Genasauria Cerapoda Marginocephalia Ceratopsia Neoceratopsia Coronosauria Ceratopsidae Centrosaurinae,albertensis,Late Cretaceous,76.0,70.0,Lambe,1913.0,5.5,False,False,False,False,True,False,False,False,True,False,False
suchomimus,Niger,large theropod,Dinosauria Saurischia Theropoda Neotheropoda Tetanurae Spinosauroidea Spinosauridae Baryonychinae,tenerensis,Early Cretaceous,121.0,112.0,Sereno Beck Dutheil Gado Larsson Lyon Marcot Rauhut Sadleir Sidor Varricchio Wilson and Wilson,1998.0,11.0,True,False,False,False,False,False,False,True,False,False,False
supersaurus,USA,sauropod,Dinosauria Saurischia Sauropodomorpha Sauropoda Eusauropoda Neosauropoda Diplodocoidea Diplodocidae,vivianae,Early Cretaceous,154.0,142.0,Jansen,1985.0,35.0,False,False,False,False,True,False,False,False,True,False,False
talarurus,Mongolia,armoured dinosaur,Dinosauria Ornithischia Genasauria Thyreophora Ankylosauromorpha Ankylosauria Ankylosauridae,plicatospineus,Late Cretaceous,99.0,89.0,Maleev,1952.0,6.0,False,False,True,False,False,False,False,False,True,False,False
tarbosaurus,Mongolia,large theropod,Dinosauria Saurischia Theropoda Neotheropoda Tetanurae Avetheropoda Coelurosauria Tyrannoraptora Tyrannosauroidea Tyrannosauridae Tyrannosaurinae,bataar,Late Cretaceous,74.0,70.0,Maleev,1955.0,10.0,False,False,True,False,False,False,False,True,False,False,False
tarchia,Mongolia,armoured dinosaur,Dinosauria Ornithischia Genasauria Thyreophora Ankylosauromorpha Ankylosauria Ankylosaurinae,gigantea,Late Cretaceous,75.0,68.0,Maleev,1956.0,8.5,False,False,True,False,False,False,False,False,True,False,False
telmatosaurus,Spain,euornithopod,Dinosauria Ornithischia Genasauria Cerapoda Ornithopoda Euornithopoda Iguanadontia Euiguanadontia Dryomorpha Ankylopollexia Iguanodontoidea Hadrosauridae,transsylvanicus,Late Cretaceous,84.0,65.0,Nopcsa,1900.0,5.0,False,False,False,True,False,False,False,False,True,False,False
tenontosaurus,USA,euornithopod,Dinosauria Ornithischia Genasauria Cerapoda Ornithopoda Euornithopoda Iguanadontia,tillettorum,Early Cretaceous,120.0,110.0,Ostrom,1970.0,7.0,False,False,False,False,True,False,False,False,True,False,False
thecodontosaurus,United Kingdom,sauropod,Dinosauria Saurischia Sauropodomorpha Prosauropoda,antiquus,Late Triassic,227.0,205.0,Morris,1843.0,2.5,False,False,False,True,False,False,False,False,False,True,False
thescelosaurus,USA,euornithopod,Dinosauria Ornithischia Genasauria Cerapoda Ornithopoda Euornithopoda,neglectus,Late Cretaceous,76.0,67.0,Gilmore,1913.0,3.5,False,False,False,False,True,False,False,False,True,False,False
torosaurus,USA,ceratopsian,Dinosauria Ornithischia Genasauria Cerapoda Marginocephalia Ceratopsia Neoceratopsia Coronosauria Ceratopsidae Chasmosaurinae,latus,Late Cretaceous,70.0,65.0,Marsh,1891.0,7.5,False,False,False,False,True,False,False,False,True,False,False
torvosaurus,USA,large theropod,Dinosauria Saurischia Theropoda Neotheropoda Tetanurae Spinosauroidea Megalosauridae Megalosaurinae,tanneri,Late Jurassic,155.0,144.0,Galton and Jensen,1979.0,10.0,False,False,False,False,True,False,False,True,False,False,False
triceratops,USA,ceratopsian,Dinosauria Ornithischia Genasauria Cerapoda Marginocephalia Ceratopsia Neoceratopsia Coronosauria Ceratopsidae Chasmosaurinae,horridus,Late Cretaceous,68.0,66.0,Marsh,1889.0,9.0,False,False,False,False,True,False,False,False,True,False,False
troodon,USA,small theropod,Dinosauria Saurischia Theropoda Neotheropoda Tetanurae Avetheropoda Coelurosauria Tyrannoraptora Maniraptoriformes Maniraptora Paraves Eumaniraptoria Troodontidae,formosus,Late Cretaceous,74.0,65.0,Leidy,1856.0,2.0,False,False,False,False,True,False,False,True,False,False,False
tsintaosaurus,China,euornithopod,Dinosauria Ornithischia Genasauria Cerapoda Ornithopoda Euornithopoda Iguanadontia Euiguanadontia Dryomorpha Ankylopollexia Iguanodontoidea Hadrosauridae Euhadrosauria Lambeosaurinae,spinorhinus,Late Cretaceous,84.0,71.0,Young,1958.0,12.0,False,False,True,False,False,False,False,False,True,False,False
tuojiangosaurus,China,armoured dinosaur,Dinosauria Ornithischia Genasauria Thyreophora Stegosauria Stegosauridae Stegosaurinae,multispinus,Late Jurassic,157.0,154.0,Dong Li Zhou and Zhang,1973.0,7.0,False,False,True,False,False,False,False,False,True,False,False
tylocephale,Mongolia,euornithopod,Dinosauria Ornithischia Genasauria Cerapoda Marginocephalia Pachycephalosauria Goyocephala Homalocephaloidea Pachycephalosauridae,gilmorei,Late Cretaceous,75.0,72.0,Maryańska and Osmólska,1974.0,1.4,False,False,True,False,False,False,False,False,True,False,False
tyrannosaurus,USA,large theropod,Dinosauria Saurischia Theropoda Neotheropoda Tetanurae Avetheropoda Coelurosauria Tyrannoraptora Tyrannosauroidea Tyrannosauridae Tyrannosaurinae,rex,Late Cretaceous,68.0,66.0,Osborn,1905.0,12.0,False,False,False,False,True,False,False,True,False,False,False
unenlagia,Argentina,small theropod,Dinosauria Saurischia Theropoda Neotheropoda Tetanurae Avetheropoda Coelurosauria Tyrannoraptora Maniraptoriformes Maniraptora Paraves Eumaniraptora Dromaeosauridae,comahuensis,Late Cretaceous,94.0,86.0,Novas and Puerta,1997.0,2.4,False,False,False,False,False,False,True,True,False,False,False
urbacodon,Uzbekistan,small theropod,Dinosauria Saurischia,itemirensis,Late Cretaceous,95.0,95.0,Averianov and Sues,2007.0,1.0,False,False,True,False,False,False,False,True,False,False,False
utahraptor,USA,large theropod,Dinosauria Saurischia Theropoda Neotheropoda Tetanurae Avetheropoda Coelurosauria Tyrannoraptora Maniraptoriformes Maniraptora Paraves Eumaniraptora Dromaeosauridae,ostrommaysorum,Early Cretaceous,112.0,100.0,Kirkland Gaston and Burge,1993.0,6.0,False,False,False,False,True,False,False,True,False,False,False
valdosaurus,United Kingdom,euornithopod,Dinosauria Ornithischia Genasauria Cerapoda Ornithopoda Euornithopoda Iguanadontia Euiguanadontia Dryomorpha Dryosauridae,canaliculatus,Early Cretaceous,142.0,121.0,Galton,1975.0,3.0,False,False,False,True,False,False,False,False,True,False,False
velociraptor,Mongolia,small theropod,Dinosauria Saurischia Theropoda Neotheropoda Tetanurae Avetheropoda Coelurosauria Tyrannoraptora Maniraptoriformes Maniraptora Paraves Eumaniraptora Dromaeosauridae,mongoliensis,Late Cretaceous,74.0,70.0,Osborn,1924.0,1.8,False,False,True,False,False,False,False,True,False,False,False
vulcanodon,Zimbabwe,sauropod,Dinosauria Saurischia Sauropodomorpha Sauropoda Vulcanodontidae,karibaensis,Early Jurassic,205.0,202.0,Raath,1972.0,6.5,True,False,False,False,False,False,False,False,True,False,False
yandusaurus,China,euornithopod,Dinosauria Ornithischia Genasauria Cerapoda Ornithopoda Euornithopoda,hongheensis,Mid Jurassic,169.0,159.0,He,1979.0,3.0,False,False,True,False,False,False,False,False,True,False,False
yangchuanosaurus,China,large theropod,Dinosauria Saurischia Theropoda Neotheropoda Tetanurae Avetheropoda Carnosauria Allosauroidea Sinraptoridae,shangyouensis,Late Jurassic,160.0,144.0,Dong Chang Li and Zhou,1978.0,10.0,False,False,True,False,False,False,False,True,False,False,False
yimenosaurus,China,sauropod,Dinosauria Saurischia Sauropodomorpha Prosauropoda,youngi,Early Jurassic,195.0,190.0,Bai Yang and Wang,1990.0,9.0,False,False,True,False,False,False,False,False,True,False,False
yinlong,China,ceratopsian,Dinosauria Ornithischia Genasauria Cerapoda Marginocephalia Ceratopsia,downsi,Mid Jurassic,159.0,154.0,Xu Forster Clark and Mo,2006.0,1.2,False,False,True,False,False,False,False,False,True,False,False
yuanmousaurus,China,sauropod,Dinosauria Saurischia Sauropodomorpha Sauropoda Eusauropoda,jiangyiensis,Mid Jurassic,180.0,159.0,Lü Li Ji Wang Zhang and Dong,2006.0,17.0,False,False,True,False,False,False,False,False,True,False,False
yunnanosaurus,China,sauropod,Dinosauria Saurischia Sauropodomorpha Prosauropoda Plateosauria,huangi,Early Jurassic,205.0,190.0,Young,1942.0,7.0,False,False,True,False,False,False,False,False,False,True,False
zalmoxes,Romania,euornithopod,Dinosauria Ornithischia Genasauria Cerapoda Ornithopoda Euornithopoda Iguanadontia Rhabdodontidae,robustus,Late Cretaceous,69.0,69.0,Nopcsa,1902.0,3.0,False,False,False,True,False,False,False,False,True,False,False
zephyrosaurus,USA,euornithopod,Dinosauria Ornithischia Genasauria Cerapoda Ornithopoda Euornithopoda,schaffi,Early Cretaceous,120.0,110.0,Sues,1980.0,1.8,False,False,False,False,True,False,False,False,True,False,False
